fold,train_start,train_end,test_start,test_end,n_states,regime_return_%,bh_return_%,outperformance_%,regimes_detected
0,2010-01-04,2010-12-31,2011-01-03,2011-02-01,5,1.443,2.904,-1.462,Sideways|Unknown
1,2010-02-03,2011-02-01,2011-02-02,2011-03-03,5,1.153,2.284,-1.131,Unknown
2,2010-03-05,2011-03-03,2011-03-04,2011-04-01,5,0.495,0.95,-0.455,High-Volatility|Unknown
3,2010-04-06,2011-04-01,2011-04-04,2011-05-03,2,2.774,1.854,0.921,Bear|Bull
4,2010-05-05,2011-05-03,2011-05-04,2011-06-02,5,-2.299,-2.299,0.0,Bull|Unknown
5,2010-06-04,2011-06-02,2011-06-03,2011-07-01,2,3.193,3.193,0.0,Bull
6,2010-07-06,2011-07-01,2011-07-05,2011-08-02,2,-3.652,-6.218,2.566,Bear|Bull
7,2010-08-04,2011-08-02,2011-08-03,2011-08-31,4,-11.829,-3.131,-8.698,High-Volatility|Bull
8,2010-09-02,2011-08-31,2011-09-01,2011-09-30,3,-2.918,-5.957,3.039,Bear|High-Volatility
9,2010-10-04,2011-09-30,2011-10-03,2011-10-31,4,5.425,14.164,-8.739,Bear|Sideways
10,2010-11-02,2011-10-31,2011-11-01,2011-11-30,4,-1.672,2.451,-4.123,Bear|Bull
11,2010-12-02,2011-11-30,2011-12-01,2011-12-30,2,0.347,1.061,-0.714,Bear
12,2011-01-03,2011-12-30,2012-01-03,2012-02-01,2,1.159,3.898,-2.739,Bear
13,2011-02-02,2012-02-01,2012-02-02,2012-03-02,2,2.376,3.49,-1.114,High-Volatility|Bull
14,2011-03-04,2012-03-02,2012-03-05,2012-04-02,2,4.177,4.177,0.0,Bull
15,2011-04-04,2012-04-02,2012-04-03,2012-05-02,5,-0.314,-0.665,0.351,High-Volatility|Unknown
16,2011-05-04,2012-05-02,2012-05-03,2012-06-01,5,-2.437,-7.964,5.527,Bear
17,2011-06-03,2012-06-01,2012-06-04,2012-07-02,4,4.038,7.117,-3.08,Bear|High-Volatility
18,2011-07-05,2012-07-02,2012-07-03,2012-08-01,5,0.175,0.131,0.044,Bear|Unknown
19,2011-08-03,2012-08-01,2012-08-02,2012-08-30,5,1.174,2.818,-1.644,High-Volatility|Bull
20,2011-09-01,2012-08-30,2012-08-31,2012-10-01,5,1.406,2.806,-1.4,Unknown
21,2011-10-03,2012-10-01,2012-10-02,2012-11-01,5,-0.567,-1.156,0.589,Unknown
22,2011-11-01,2012-11-01,2012-11-02,2012-12-03,4,1.621,-0.078,1.699,Bear|High-Volatility|Sideways
23,2011-12-01,2012-12-03,2012-12-04,2013-01-03,5,1.918,3.903,-1.986,Bear|Unknown
24,2012-01-03,2013-01-03,2013-01-04,2013-02-04,3,2.166,2.166,0.0,Bull
25,2012-02-02,2013-02-04,2013-02-05,2013-03-06,5,1.605,2.284,-0.679,Sideways
26,2012-03-05,2013-03-06,2013-03-07,2013-04-05,5,0.352,0.691,-0.339,High-Volatility|Unknown
27,2012-04-03,2013-04-05,2013-04-08,2013-05-06,5,2.51,3.566,-1.056,Bear|Sideways|Unknown
28,2012-05-03,2013-05-06,2013-05-07,2013-06-05,2,-0.818,-0.818,0.0,Bull
29,2012-06-04,2013-06-05,2013-06-06,2013-07-05,5,0.518,0.708,-0.191,Sideways
30,2012-07-03,2013-07-05,2013-07-08,2013-08-05,2,2.596,4.117,-1.521,Bear|Bull
31,2012-08-02,2013-08-05,2013-08-06,2013-09-04,3,-1.169,-2.345,1.176,High-Volatility
32,2012-08-31,2013-09-04,2013-09-05,2013-10-03,4,0.644,1.493,-0.848,High-Volatility|Sideways
33,2012-10-02,2013-10-03,2013-10-04,2013-11-01,3,4.334,4.334,0.0,Bull
34,2012-11-02,2013-11-01,2013-11-04,2013-12-03,2,1.651,1.651,0.0,Bull
35,2012-12-04,2013-12-03,2013-12-04,2014-01-03,5,0.608,2.311,-1.703,Bear|Unknown
36,2013-01-04,2014-01-03,2014-01-06,2014-02-04,5,-2.673,-3.822,1.149,Sideways
37,2013-02-05,2014-02-04,2014-02-05,2014-03-06,4,5.153,7.427,-2.274,Sideways
38,2013-03-07,2014-03-06,2014-03-07,2014-04-04,5,-0.406,-0.551,0.145,Bull|Unknown
39,2013-04-08,2014-04-04,2014-04-07,2014-05-06,5,0.674,1.324,-0.65,Unknown
40,2013-05-07,2014-05-06,2014-05-07,2014-06-05,5,1.748,3.497,-1.749,High-Volatility|Sideways
41,2013-06-06,2014-06-05,2014-06-06,2014-07-07,5,0.788,1.575,-0.787,High-Volatility|Unknown
42,2013-07-08,2014-07-07,2014-07-08,2014-08-05,3,-0.835,-2.156,1.32,Bear|High-Volatility
43,2013-08-06,2014-08-05,2014-08-06,2014-09-04,3,3.466,4.238,-0.772,High-Volatility|Bull
44,2013-09-05,2014-09-04,2014-09-05,2014-10-03,2,-0.758,-1.826,1.067,Bear|Bull
45,2013-10-04,2014-10-03,2014-10-06,2014-11-03,3,1.7,2.792,-1.092,Bear|Bull
46,2013-11-04,2014-11-03,2014-11-04,2014-12-03,5,2.017,3.392,-1.375,Sideways|Unknown
47,2013-12-04,2014-12-03,2014-12-04,2015-01-05,4,-0.058,-2.324,2.266,Bear|Bull|High-Volatility|Sideways
48,2014-01-06,2015-01-05,2015-01-06,2015-02-04,5,1.733,2.122,-0.389,High-Volatility|Sideways|Unknown
49,2014-02-05,2015-02-04,2015-02-05,2015-03-06,4,-0.084,0.669,-0.753,Bear|Sideways
50,2014-03-07,2015-03-06,2015-03-09,2015-04-07,4,-0.659,-0.074,-0.585,Bear|Sideways
51,2014-04-07,2015-04-07,2015-04-08,2015-05-06,2,-0.164,0.029,-0.193,Bear|Bull
52,2014-05-07,2015-05-06,2015-05-07,2015-06-05,2,0.308,0.431,-0.122,Sideways
53,2014-06-06,2015-06-05,2015-06-08,2015-07-07,5,0.196,0.265,-0.068,Sideways
54,2014-07-08,2015-07-07,2015-07-08,2015-08-05,3,2.709,2.709,0.0,Bull
55,2014-08-06,2015-08-05,2015-08-06,2015-09-03,3,-3.43,-6.144,2.713,Bear|Bull
56,2014-09-05,2015-09-03,2015-09-04,2015-10-05,5,2.421,3.589,-1.168,Bear|High-Volatility|Sideways
57,2014-10-06,2015-10-05,2015-10-06,2015-11-03,5,3.301,6.679,-3.378,Unknown
58,2014-11-04,2015-11-03,2015-11-04,2015-12-03,5,-1.542,-2.258,0.716,Sideways|Unknown
59,2014-12-04,2015-12-03,2015-12-04,2016-01-05,4,-2.348,-3.369,1.021,Sideways
60,2015-01-06,2016-01-05,2016-01-06,2016-02-04,4,-0.695,-3.631,2.936,Bear|High-Volatility
61,2015-02-05,2016-02-04,2016-02-05,2016-03-07,2,2.472,6.725,-4.253,Bear|High-Volatility
62,2015-03-09,2016-03-07,2016-03-08,2016-04-06,3,1.689,4.579,-2.89,Bear|High-Volatility
63,2015-04-08,2016-04-06,2016-04-07,2016-05-05,3,0.5,0.5,0.0,Bull
64,2015-05-07,2016-05-05,2016-05-06,2016-06-06,2,1.37,2.737,-1.367,High-Volatility
65,2015-06-08,2016-06-06,2016-06-07,2016-07-06,4,-0.722,-0.439,-0.283,Bear|High-Volatility|Sideways
66,2015-07-08,2016-07-06,2016-07-07,2016-08-04,5,1.634,3.284,-1.649,High-Volatility|Unknown
67,2015-08-06,2016-08-04,2016-08-05,2016-09-02,4,0.046,0.087,-0.041,High-Volatility
68,2015-09-04,2016-09-02,2016-09-06,2016-10-04,5,-0.728,-1.491,0.763,Unknown
69,2015-10-06,2016-10-04,2016-10-05,2016-11-02,3,-1.168,-2.732,1.564,Bear|High-Volatility
70,2015-11-04,2016-11-02,2016-11-03,2016-12-02,5,5.565,5.221,0.344,Bear|Bull|Unknown
71,2015-12-04,2016-12-02,2016-12-05,2017-01-04,3,1.72,3.129,-1.409,High-Volatility|Bull
72,2016-01-06,2017-01-04,2017-01-05,2017-02-03,5,0.618,1.299,-0.68,Bear|High-Volatility
73,2016-02-05,2017-02-03,2017-02-06,2017-03-07,4,2.459,3.525,-1.066,Sideways
74,2016-03-08,2017-03-07,2017-03-08,2017-04-05,5,-0.326,-0.321,-0.005,Sideways|Unknown
75,2016-04-07,2017-04-05,2017-04-06,2017-05-05,5,1.654,1.809,-0.156,High-Volatility|Bull|Sideways
76,2016-05-06,2017-05-05,2017-05-08,2017-06-06,4,0.954,1.481,-0.527,Bull|Sideways
77,2016-06-07,2017-06-06,2017-06-07,2017-07-06,5,-0.552,-0.795,0.243,Sideways
78,2016-07-07,2017-07-06,2017-07-07,2017-08-04,3,1.092,2.189,-1.097,Bear|High-Volatility
79,2016-08-05,2017-08-04,2017-08-07,2017-09-05,2,-0.481,-0.73,0.25,High-Volatility|Bull
80,2016-09-06,2017-09-05,2017-09-06,2017-10-04,5,1.994,3.044,-1.05,Bear|High-Volatility|Sideways|Unknown
81,2016-10-05,2017-10-04,2017-10-05,2017-11-02,4,1.151,1.151,0.0,Bull
82,2016-11-03,2017-11-02,2017-11-03,2017-12-04,3,1.099,2.202,-1.102,High-Volatility
83,2016-12-05,2017-12-04,2017-12-05,2018-01-04,4,2.598,3.727,-1.129,Sideways
84,2017-01-05,2018-01-04,2018-01-05,2018-02-05,2,-1.364,-3.471,2.107,High-Volatility|Bull
85,2017-02-06,2018-02-05,2018-02-06,2018-03-07,2,0.125,1.356,-1.231,High-Volatility|Bull
86,2017-03-08,2018-03-07,2018-03-08,2018-04-06,3,-2.413,-4.867,2.454,High-Volatility
87,2017-04-06,2018-04-06,2018-04-09,2018-05-07,5,1.555,2.268,-0.713,Bull|Unknown
88,2017-05-08,2018-05-07,2018-05-08,2018-06-06,5,1.955,3.926,-1.971,Unknown
89,2017-06-07,2018-06-06,2018-06-07,2018-07-06,5,-0.122,-0.257,0.135,Unknown
90,2017-07-07,2018-07-06,2018-07-09,2018-08-06,3,1.287,2.425,-1.138,Bear|High-Volatility
91,2017-08-07,2018-08-06,2018-08-07,2018-09-05,2,1.208,1.208,0.0,Bull
92,2017-09-06,2018-09-05,2018-09-06,2018-10-04,2,0.452,0.899,-0.447,High-Volatility
93,2017-10-05,2018-10-04,2018-10-05,2018-11-02,2,-3.92,-5.535,1.615,High-Volatility|Bull
94,2017-11-03,2018-11-02,2018-11-05,2018-12-04,5,0.417,-1.149,1.565,Bear|High-Volatility|Unknown
95,2017-12-05,2018-12-04,2018-12-06,2019-01-07,5,-3.51,-5.179,1.668,Bear|High-Volatility|Sideways
96,2018-01-05,2019-01-07,2019-01-08,2019-02-06,3,6.22,6.22,0.0,Bear|Bull
97,2018-02-06,2019-02-06,2019-02-07,2019-03-08,4,1.122,1.599,-0.477,Sideways
98,2018-03-08,2019-03-08,2019-03-11,2019-04-08,5,2.077,4.174,-2.097,Unknown
99,2018-04-09,2019-04-08,2019-04-09,2019-05-08,4,0.06,0.077,-0.016,Sideways
100,2018-05-08,2019-05-08,2019-05-09,2019-06-07,2,0.345,0.345,0.0,Bull
101,2018-06-07,2019-06-07,2019-06-10,2019-07-09,5,1.718,3.345,-1.627,High-Volatility|Sideways
102,2018-07-09,2019-07-09,2019-07-10,2019-08-07,4,-1.586,-3.563,1.978,High-Volatility|Bull
103,2018-08-07,2019-08-07,2019-08-08,2019-09-06,4,-0.222,1.509,-1.731,Bear|High-Volatility
104,2018-09-06,2019-09-06,2019-09-09,2019-10-07,2,-1.598,-1.263,-0.335,Bear|Bull
105,2018-10-05,2019-10-07,2019-10-08,2019-11-05,3,3.164,6.412,-3.248,High-Volatility
106,2018-11-05,2019-11-05,2019-11-06,2019-12-05,4,1.602,1.602,0.0,Bull
107,2018-12-06,2019-12-05,2019-12-06,2020-01-07,4,1.525,3.0,-1.476,High-Volatility|Bull
108,2019-01-08,2020-01-07,2020-01-08,2020-02-06,4,1.352,2.937,-1.586,Bear|Sideways
109,2019-02-07,2020-02-06,2020-02-07,2020-03-09,5,-10.195,-17.45,7.255,High-Volatility|Sideways|Unknown
110,2019-03-11,2020-03-09,2020-03-10,2020-04-07,5,5.356,-7.534,12.89,Bear|High-Volatility|Sideways
111,2019-04-09,2020-04-07,2020-04-08,2020-05-07,3,2.541,4.981,-2.44,High-Volatility
112,2019-05-09,2020-05-07,2020-05-08,2020-06-08,4,7.362,10.518,-3.156,Bear|Sideways
113,2019-06-10,2020-06-08,2020-06-09,2020-07-08,5,-0.636,-1.003,0.367,Sideways|Unknown
114,2019-07-10,2020-07-08,2020-07-09,2020-08-06,5,4.414,6.346,-1.932,Sideways
115,2019-08-08,2020-08-06,2020-08-07,2020-09-04,5,0.801,2.391,-1.59,Bull|Unknown
116,2019-09-09,2020-09-04,2020-09-08,2020-10-06,5,0.676,0.919,-0.243,Sideways
117,2019-10-08,2020-10-06,2020-10-07,2020-11-04,3,0.451,0.816,-0.365,High-Volatility
118,2019-11-06,2020-11-04,2020-11-05,2020-12-04,3,5.16,5.599,-0.439,High-Volatility|Bull
119,2019-12-06,2020-12-04,2020-12-07,2021-01-06,3,0.973,1.64,-0.667,High-Volatility|Bull
120,2020-01-08,2021-01-06,2021-01-07,2021-02-05,5,1.156,2.271,-1.115,Unknown
121,2020-02-07,2021-02-05,2021-02-08,2021-03-09,5,-0.399,-0.855,0.456,Unknown
122,2020-03-10,2021-03-09,2021-03-10,2021-04-08,5,3.212,5.205,-1.993,High-Volatility|Sideways|Unknown
123,2020-04-08,2021-04-08,2021-04-09,2021-05-07,2,2.537,2.583,-0.047,High-Volatility|Bull
124,2020-05-08,2021-05-07,2021-05-10,2021-06-08,3,1.038,1.038,0.0,Bear|Bull
125,2020-06-09,2021-06-08,2021-06-09,2021-07-08,4,1.472,2.533,-1.06,High-Volatility|Sideways
126,2020-07-09,2021-07-08,2021-07-09,2021-08-06,5,1.127,1.6,-0.473,Sideways
127,2020-08-07,2021-08-06,2021-08-09,2021-09-07,3,1.056,2.11,-1.054,High-Volatility
128,2020-09-08,2021-09-07,2021-09-08,2021-10-06,2,-1.612,-3.242,1.63,High-Volatility|Bull
129,2020-10-07,2021-10-06,2021-10-07,2021-11-04,5,4.64,6.44,-1.8,Sideways|Unknown
130,2020-11-05,2021-11-04,2021-11-05,2021-12-06,3,-0.476,-2.079,1.603,Bear|Bull
131,2020-12-07,2021-12-06,2021-12-07,2022-01-05,2,-1.875,0.373,-2.248,Bear|Bull
132,2021-01-07,2022-01-05,2022-01-06,2022-02-04,2,-4.112,-4.112,0.0,Bull
133,2021-02-08,2022-02-04,2022-02-07,2022-03-08,3,-2.086,-6.933,4.847,Bear
134,2021-03-10,2022-03-08,2022-03-09,2022-04-06,5,2.969,4.796,-1.827,Bear|High-Volatility|Bull
135,2021-04-09,2022-04-06,2022-04-07,2022-05-06,4,-3.701,-8.341,4.639,Bear|High-Volatility
136,2021-05-10,2022-05-06,2022-05-09,2022-06-07,5,4.02,4.413,-0.392,Bull|Sideways
137,2021-06-09,2022-06-07,2022-06-08,2022-07-08,3,-2.237,-5.075,2.839,Bear|High-Volatility
138,2021-07-09,2022-07-08,2022-07-11,2022-08-08,3,2.391,7.485,-5.094,Bear|Bull
139,2021-08-09,2022-08-08,2022-08-09,2022-09-07,4,-4.376,-3.299,-1.077,Bull|Sideways
140,2021-09-08,2022-09-07,2022-09-08,2022-10-06,5,-2.909,-6.406,3.497,Bear|Unknown
141,2021-10-07,2022-10-06,2022-10-07,2022-11-04,2,4.469,3.738,0.731,High-Volatility|Bull
142,2021-11-05,2022-11-04,2022-11-07,2022-12-06,2,1.759,3.653,-1.894,Bear|High-Volatility
143,2021-12-07,2022-12-06,2022-12-07,2023-01-06,2,-0.384,-0.839,0.455,High-Volatility
144,2022-01-06,2023-01-06,2023-01-09,2023-02-07,4,4.695,7.046,-2.351,High-Volatility|Bull
145,2022-02-07,2023-02-07,2023-02-08,2023-03-09,2,-4.649,-4.649,0.0,Bull
146,2022-03-09,2023-03-09,2023-03-10,2023-04-10,2,6.546,6.546,0.0,Bull
147,2022-04-07,2023-04-10,2023-04-11,2023-05-09,3,0.642,0.295,0.347,High-Volatility|Bull
148,2022-05-09,2023-05-09,2023-05-10,2023-06-08,2,0.732,3.943,-3.212,Bear|Bull
149,2022-06-08,2023-06-08,2023-06-09,2023-07-11,2,1.649,3.304,-1.655,High-Volatility
150,2022-07-11,2023-07-11,2023-07-12,2023-08-09,3,-0.479,-0.061,-0.419,Bear|Bull
151,2022-08-09,2023-08-09,2023-08-10,2023-09-08,3,-0.031,-0.087,0.057,High-Volatility
152,2022-09-08,2023-09-08,2023-09-11,2023-10-09,3,-1.203,-3.263,2.061,High-Volatility|Bull
153,2022-10-07,2023-10-09,2023-10-10,2023-11-07,5,1.287,0.55,0.737,High-Volatility|Bull
154,2022-11-07,2023-11-07,2023-11-08,2023-12-07,2,1.426,4.798,-3.373,Bear
155,2022-12-07,2023-12-07,2023-12-08,2024-01-09,3,1.186,3.39,-2.204,Bear|High-Volatility
156,2023-01-09,2024-01-09,2024-01-10,2024-02-08,4,3.186,4.566,-1.38,Sideways
157,2023-02-08,2024-02-08,2024-02-09,2024-03-11,2,1.015,2.011,-0.996,High-Volatility
158,2023-03-10,2024-03-11,2024-03-12,2024-04-10,3,-0.206,-0.206,0.0,Bull
159,2023-04-11,2024-04-10,2024-04-11,2024-05-09,5,0.759,0.419,0.341,Bear|High-Volatility
160,2023-05-10,2024-05-09,2024-05-10,2024-06-10,2,2.845,2.845,0.0,Bear|Bull
161,2023-06-09,2024-06-10,2024-06-11,2024-07-11,5,3.513,3.972,-0.458,Bull|Sideways
162,2023-07-12,2024-07-11,2024-07-12,2024-08-09,4,-3.194,-4.821,1.628,Bear|Bull|Sideways
163,2023-08-10,2024-08-09,2024-08-12,2024-09-10,4,2.546,2.91,-0.364,Bull|Sideways
164,2023-09-11,2024-09-10,2024-09-11,2024-10-09,5,4.417,4.417,0.0,Bull
165,2023-10-10,2024-10-09,2024-10-10,2024-11-07,4,2.462,3.381,-0.919,Bull|Sideways
166,2023-11-08,2024-11-07,2024-11-08,2024-12-09,5,0.527,1.085,-0.557,Bear|Unknown
167,2023-12-08,2024-12-09,2024-12-10,2025-01-10,3,-2.579,-3.377,0.798,High-Volatility|Bull
168,2024-01-10,2025-01-10,2025-01-13,2025-02-11,4,2.286,4.114,-1.828,Bear|Bull
169,2024-02-09,2025-02-11,2025-02-12,2025-03-13,4,-8.608,-8.608,0.0,Bull
170,2024-03-12,2025-03-13,2025-03-14,2025-04-11,4,-6.918,-4.844,-2.073,Bull|Sideways
171,2024-04-11,2025-04-11,2025-04-14,2025-05-13,5,6.732,8.851,-2.119,High-Volatility|Bull
172,2024-05-10,2025-05-13,2025-05-14,2025-06-12,5,1.38,2.75,-1.37,Unknown
173,2024-06-11,2025-06-12,2025-06-13,2025-07-15,5,2.244,4.519,-2.275,Unknown
174,2024-07-12,2025-07-15,2025-07-16,2025-08-13,5,1.654,3.311,-1.657,Unknown
175,2024-08-12,2025-08-13,2025-08-14,2025-09-12,5,0.582,1.932,-1.35,Bear
176,2024-09-11,2025-09-12,2025-09-15,2025-10-13,3,-0.528,0.6,-1.129,Bear|High-Volatility|Bull
177,2024-10-10,2025-10-13,2025-10-14,2025-11-11,4,3.136,3.136,0.0,Bull
178,2024-11-08,2025-11-11,2025-11-12,2025-12-11,4,0.03,0.847,-0.817,Bear|High-Volatility
179,2024-12-10,2025-12-11,2025-12-12,2026-01-13,2,2.062,2.062,0.0,Bull
180,2025-01-13,2026-01-13,2026-01-14,2026-02-12,2,-1.317,-1.317,0.0,Bull
181,2025-02-12,2026-02-12,2026-02-13,2026-03-16,3,-0.923,-1.866,0.943,High-Volatility
182,2025-03-14,2026-03-16,2026-03-17,2026-04-15,2,5.155,4.631,0.524,Bear|Bull
183,2025-04-14,2026-04-15,2026-04-16,2026-05-14,4,4.982,6.629,-1.647,Bull|Sideways
184,2025-05-14,2026-05-14,2026-05-15,2026-06-15,5,1.03,2.119,-1.088,Sideways|Unknown
185,2025-06-13,2026-06-15,2026-06-16,2026-07-16,5,0.17,0.31,-0.14,Unknown
186,2025-07-16,2026-07-16,2026-07-17,2026-08-14,5,4.446,4.446,0.0,Bull
187,2025-08-14,2026-08-14,2026-08-17,2026-09-15,3,-1.978,-1.978,0.0,Bull
